experiment,case,family,method,seed,success,makespan_s,runtime_s,validation_end_s,end_reason
ablation,MP_s0,MP,u,0,True,49.649412597680346,5.004,2.3144615800119936,VALID
ablation,MP_s0,MP,ours,0,True,29.57953924136787,10.907,6.971569326007739,VALID
ablation,MP_s0,MP,u_rt,0,True,29.57953924136787,10.107,6.551818476989865,VALID
ablation,MP_s0,MP,u_ad_pd,0,True,49.649412597680346,12.409,7.647511528106406,VALID
ablation,MP_s0,MP,no_fb,0,True,29.57953924136787,10.809,6.972445633029565,VALID
ablation,MP_s1,MP,u,0,True,56.81363365094416,34.025,8.386122161056846,VALID
ablation,MP_s1,MP,ours,0,True,53.05892308247481,23.016,20.15017617587,VALID
ablation,MP_s1,MP,u_rt,0,True,41.5505053825641,20.015,16.96976524987258,VALID
ablation,MP_s2,MP,u,0,True,49.78374482170817,5.404,2.806103079812601,VALID
ablation,MP_s1,MP,u_ad_pd,0,True,53.05892308247481,21.116,18.3514462930616,VALID
ablation,MP_s2,MP,u_rt,0,True,49.78374482170817,11.608,7.634260114049539,VALID
ablation,MP_s1,MP,no_fb,0,False,,8.707,,SEARCH_EXHAUSTED
ablation,MP_s2,MP,ours,0,True,49.78374482170817,11.31,7.567702561151236,VALID
ablation,MP_s3,MP,u,0,True,57.64647680368609,15.713,15.586762721883133,VALID
ablation,MP_s2,MP,u_ad_pd,0,True,49.78374482170817,10.109,7.561013031983748,VALID
ablation,MP_s2,MP,no_fb,0,True,49.78374482170817,11.408,7.56868048501201,VALID
ablation,MP_s3,MP,u_rt,0,True,56.988214051934584,21.217,18.52307866094634,VALID
ablation,MP_s4,MP,u,0,True,50.99632931416491,17.614,12.434553786180913,VALID
ablation,MP_s3,MP,ours,0,True,56.988214051934584,28.024,25.322133549954742,VALID
ablation,MP_s4,MP,u_rt,0,True,43.820303948529336,22.116,17.72268893313594,VALID
ablation,MP_s3,MP,u_ad_pd,0,True,57.64647680368609,24.518,24.36477918201126,VALID
ablation,MP_s5,MP,u,0,True,51.894437686536016,15.111,12.75467202696018,VALID
ablation,MP_s3,MP,no_fb,0,False,,17.314,,SEARCH_EXHAUSTED
ablation,MP_s5,MP,u_rt,0,True,43.31108588362904,19.314,16.175330088008195,VALID
ablation,MP_s6,MP,u,0,True,46.13493811887105,4.804,4.660765331005678,VALID
ablation,MP_s6,MP,u_rt,0,True,46.13493811887105,21.015,10.209950642194599,VALID
ablation,MP_s7,MP,u,0,True,54.61595686288596,7.107,3.1234220119658858,VALID
ablation,MP_s4,MP,ours,0,True,47.59198277930865,45.134,10.965664284070954,VALID
ablation,MP_s7,MP,u_rt,0,True,48.105741795470344,11.509,5.021574968006462,VALID
ablation,MP_s8,MP,u,0,True,52.53701736108858,4.003,3.863892015069723,VALID
ablation,MP_s8,MP,u_rt,0,True,52.53701736108858,12.013,11.857866353122517,VALID
ablation,MP_s9,MP,u,0,True,59.167232341205924,7.205,2.255988067947328,VALID
ablation,MP_s4,MP,u_ad_pd,0,True,38.19364595194669,34.624,29.527561289956793,VALID
ablation,MP_s9,MP,u_rt,0,True,44.469474502409355,12.61,5.763042163103819,VALID
ablation,MP_s10,MP,u,0,True,53.13566063146355,7.006,6.436776357004419,VALID
ablation,MP_s4,MP,no_fb,0,False,,18.314,,SEARCH_EXHAUSTED
ablation,MP_s10,MP,u_rt,0,True,34.5658852898048,10.708,5.138604453066364,VALID
ablation,MP_s11,MP,u,0,True,48.57550933184453,6.605,5.892764163902029,VALID
ablation,MP_s5,MP,ours,0,True,29.696741434968384,23.318,17.871797221014276,VALID
ablation,MP_s11,MP,u_rt,0,True,41.20345362882986,12.612,7.507995247142389,VALID
ablation,MP_s12,MP,u,0,True,58.004431724281204,6.005,2.2606463390402496,VALID
ablation,MP_s5,MP,u_ad_pd,0,True,51.894437686536016,25.02,22.883772337110713,VALID
ablation,MP_s12,MP,u_rt,0,True,58.004431724281204,18.014,6.102596296928823,VALID
ablation,MP_s13,MP,u,0,True,42.44655667904347,6.205,6.088183613028377,VALID
ablation,MP_s5,MP,no_fb,0,False,,10.609,,SEARCH_EXHAUSTED
ablation,MP_s13,MP,u_rt,0,True,38.969597279721796,6.405,3.8332745749503374,VALID
ablation,MP_s14,MP,u,0,True,50.43306552141418,6.506,2.5841131180059165,VALID
ablation,MP_s6,MP,ours,0,True,24.799999860857955,10.608,8.818245321046561,VALID
ablation,MP_s14,MP,u_rt,0,True,39.70458374195349,11.416,6.441050763940439,VALID
ablation,MP_s6,MP,u_ad_pd,0,True,24.799999860857955,10.51,8.577531427843496,VALID
ablation,MP_s15,MP,u,0,True,35.61022879438773,5.204,1.9512816851492971,VALID
ablation,MP_s6,MP,no_fb,0,True,24.799999860857955,10.708,8.911610326031223,VALID
ablation,MP_s15,MP,u_rt,0,True,35.61022879438773,10.708,7.379199743038043,VALID
ablation,MP_s7,MP,ours,0,True,48.105741795470344,11.509,5.122042475966737,VALID
ablation,MP_s7,MP,u_ad_pd,0,True,54.61595686288596,6.906,3.048967328853905,VALID
ablation,MP_s16,MP,u,0,True,58.39123519162702,15.612,15.461887154029682,VALID
ablation,MP_s7,MP,no_fb,0,True,48.105741795470344,11.509,5.128165070200339,VALID
ablation,MP_s16,MP,u_rt,0,True,45.29661240378729,22.517,21.142108907923102,VALID
ablation,MP_s8,MP,ours,0,True,48.24555784008239,13.61,9.898438475094736,VALID
ablation,MP_s17,MP,u,0,True,43.869947284038105,6.005,2.170342030003667,VALID
ablation,MP_s8,MP,u_ad_pd,0,True,52.53701736108858,9.007,8.897274082992226,VALID
ablation,MP_s17,MP,u_rt,0,True,42.42908954825517,11.809,7.078469320898876,VALID
ablation,MP_s18,MP,u,0,True,50.63627068322041,6.206,3.025479099014774,VALID
ablation,MP_s8,MP,no_fb,0,True,48.24555784008239,13.714,9.954596559051424,VALID
ablation,MP_s18,MP,u_rt,0,True,50.63627068322041,11.508,8.243420365033671,VALID
ablation,MP_s9,MP,ours,0,True,44.469474502409355,13.711,7.098140757996589,VALID
ablation,MP_s19,MP,u,0,True,45.74277197563333,9.607,7.909732005093247,VALID
ablation,MP_s9,MP,u_ad_pd,0,True,59.167232341205924,11.81,7.1623059280682355,VALID
ablation,MP_s19,MP,u_rt,0,True,45.74277197563333,15.111,13.411173643078655,VALID
ablation,MP_s9,MP,no_fb,0,True,44.469474502409355,13.911,7.146806290838867,VALID
ablation,SP_s0,SP,u,0,True,40.92316044685791,8.707,8.573200889863074,VALID
ablation,MP_s10,MP,ours,0,True,34.5658852898048,12.61,7.045589728048071,VALID
ablation,SP_s0,SP,u_rt,0,True,40.92316044685791,13.41,13.237658690894023,VALID
ablation,MP_s10,MP,u_ad_pd,0,True,53.13566063146355,12.009,11.36166255781427,VALID
ablation,SP_s1,SP,u,0,True,44.07034898072401,16.711,2.493434825912118,VALID
ablation,MP_s10,MP,no_fb,0,True,34.5658852898048,12.71,7.2235492509789765,VALID
ablation,MP_s11,MP,ours,0,True,48.57550933184453,13.51,12.833247964968905,VALID
ablation,MP_s11,MP,u_ad_pd,0,True,48.57550933184453,11.509,10.806934507098049,VALID
ablation,SP_s1,SP,u_rt,0,True,44.07034898072401,32.522,7.887938954168931,VALID
ablation,MP_s11,MP,no_fb,0,True,42.47679724159785,12.21,9.366155504016206,VALID
ablation,SP_s2,SP,u,0,True,48.2777805337357,10.808,9.578099075006321,VALID
ablation,MP_s12,MP,ours,0,True,58.004431724281204,23.118,8.113840617006645,VALID
ablation,SP_s2,SP,u_rt,0,True,48.2777805337357,21.816,20.590413557132706,VALID
ablation,SP_s3,SP,u,0,True,49.20155663671161,6.304,4.031135179102421,VALID
ablation,MP_s12,MP,u_ad_pd,0,True,58.004431724281204,10.708,7.142155399080366,VALID
ablation,MP_s12,MP,no_fb,0,True,45.593217206628125,11.008,7.848101548850536,VALID
ablation,MP_s13,MP,ours,0,True,25.227217201546843,9.608,6.690083445981145,VALID
ablation,SP_s3,SP,u_rt,0,True,46.911049052451105,24.017,21.447042152984068,VALID
ablation,SP_s4,SP,u,0,True,51.65713630346327,5.305,3.888535934034735,VALID
ablation,MP_s13,MP,u_ad_pd,0,True,25.227217201546843,9.608,6.496326195076108,VALID
ablation,SP_s4,SP,u_rt,0,True,31.51779394189462,9.407,4.023689709836617,VALID
ablation,MP_s13,MP,no_fb,0,True,25.227217201546843,9.507,6.573913899017498,VALID
ablation,MP_s14,MP,ours,0,True,39.70458374195349,12.408,7.472886674106121,VALID
ablation,SP_s5,SP,u,0,True,52.18559994454679,17.814,5.68620213191025,VALID
ablation,MP_s14,MP,u_ad_pd,0,True,50.43306552141418,11.209,7.3516400079242885,VALID
ablation,MP_s14,MP,no_fb,0,True,39.70458374195349,13.009,8.029865412041545,VALID
ablation,SP_s5,SP,u_rt,0,True,44.30105835905493,30.123,2.6146073278505355,VALID
ablation,MP_s15,MP,ours,0,True,24.480321895671427,11.009,8.70370952412486,VALID
ablation,SP_s6,SP,u,0,True,38.22806425014613,4.004,3.8607293649110943,VALID
ablation,SP_s6,SP,u_rt,0,True,38.22806425014613,6.406,6.267874686978757,VALID
ablation,MP_s15,MP,u_ad_pd,0,True,24.480321895671427,11.009,8.657253409037367,VALID
ablation,SP_s7,SP,u,0,True,43.56702400422438,6.005,1.8259246440138668,VALID
ablation,MP_s15,MP,no_fb,0,True,24.480321895671427,11.309,8.739116081036627,VALID
ablation,SP_s7,SP,u_rt,0,True,43.56702400422438,8.406,3.3543997469823807,VALID
ablation,SP_s8,SP,u,0,True,57.481358910434956,8.206,7.669186532031745,VALID
ablation,SP_s8,SP,u_rt,0,True,52.19236947911642,12.509,5.898265508003533,VALID
ablation,MP_s16,MP,ours,0,True,45.29661240378729,27.22,25.780684509081766,VALID
ablation,SP_s9,SP,u,0,True,49.535740657000076,9.508,8.686990014044568,VALID
ablation,SP_s9,SP,u_rt,0,True,47.74524488156406,19.713,14.551989277126268,VALID
ablation,MP_s16,MP,u_ad_pd,0,True,58.39123519162702,24.817,24.692030985141173,VALID
ablation,SP_s10,SP,u,0,True,62.76202255433807,6.504,5.978150143055245,VALID
ablation,MP_s16,MP,no_fb,0,False,,13.41,,SEARCH_EXHAUSTED
ablation,MP_s17,MP,ours,0,True,42.42908954825517,12.91,7.246273325989023,VALID
ablation,MP_s17,MP,u_ad_pd,0,True,43.869947284038105,12.909,7.063512759050354,VALID
ablation,SP_s10,SP,u_rt,0,True,60.75964063048794,42.032,10.398354845819995,VALID
ablation,MP_s17,MP,no_fb,0,True,42.42908954825517,12.81,7.261438404908404,VALID
ablation,SP_s11,SP,u,0,True,63.12989074735058,16.614,8.828254733001813,VALID
ablation,MP_s18,MP,ours,0,True,50.63627068322041,12.311,7.851224816171452,VALID
ablation,MP_s18,MP,u_ad_pd,0,True,50.63627068322041,10.808,7.742936586029828,VALID
ablation,MP_s18,MP,no_fb,0,True,44.26597080468598,11.408,6.936969841830432,VALID
ablation,MP_s19,MP,ours,0,True,45.74277197563333,12.408,7.4607144359033555,VALID
ablation,SP_s11,SP,u_rt,0,True,63.12989074735058,40.631,12.212464316980913,VALID
ablation,MP_s19,MP,u_ad_pd,0,True,45.74277197563333,14.009,7.19692930392921,VALID
ablation,MP_s19,MP,no_fb,0,True,45.74277197563333,12.309,7.443542850902304,VALID
ablation,SP_s12,SP,u,0,True,89.35436468666437,31.222,18.86117718089372,VALID
ablation,SP_s0,SP,ours,0,True,40.92316044685791,12.509,12.435567112872377,VALID
ablation,SP_s0,SP,u_ad_pd,0,True,40.92316044685791,8.307,8.147580883000046,VALID
ablation,SP_s0,SP,no_fb,0,True,40.92316044685791,12.61,12.448252107948065,VALID
ablation,SP_s12,SP,u_rt,0,True,89.35436468666437,42.531,39.3410145691596,VALID
ablation,SP_s1,SP,ours,0,True,34.18955272444057,30.02,27.102445045951754,VALID
ablation,SP_s13,SP,u,0,True,51.711570709333486,18.314,6.781860381131992,VALID
ablation,SP_s13,SP,u_rt,0,True,42.160802737447575,8.306,4.455741279060021,VALID
ablation,SP_s14,SP,u,0,True,48.22894345351041,5.504,5.23195897298865,VALID
ablation,SP_s1,SP,u_ad_pd,0,True,34.18955272444057,29.624,26.01538661401719,VALID
ablation,SP_s14,SP,u_rt,0,True,48.22894345351041,9.608,9.30406247684732,VALID
ablation,SP_s15,SP,u,0,True,47.05063001580836,4.504,1.6335425130091608,VALID
ablation,SP_s1,SP,no_fb,0,True,44.07034898072401,11.209,7.935209444956854,VALID
ablation,SP_s15,SP,u_rt,0,True,47.05063001580836,11.608,6.684026278089732,VALID
ablation,SP_s16,SP,u,0,True,54.669197130295885,4.603,4.507565615000203,VALID
ablation,SP_s16,SP,u_rt,0,True,54.669197130295885,10.408,10.236329529201612,VALID
ablation,SP_s2,SP,ours,0,True,48.2777805337357,26.619,25.46431767917238,VALID
ablation,SP_s17,SP,u,0,True,53.63649387739897,8.406,8.279429182875901,VALID
ablation,SP_s17,SP,u_rt,0,True,53.63649387739897,14.51,14.367059058044106,VALID
ablation,SP_s2,SP,u_ad_pd,0,True,48.2777805337357,20.315,19.145022456999868,VALID
ablation,SP_s18,SP,u,0,True,41.75928827521381,10.808,9.94264773814939,VALID
ablation,SP_s2,SP,no_fb,0,False,,12.81,,SEARCH_EXHAUSTED
ablation,SP_s18,SP,u_rt,0,True,41.75928827521381,17.412,16.622548948042095,VALID
ablation,SP_s19,SP,u,0,True,54.00869955444423,7.205,5.722662182059139,VALID
ablation,SP_s3,SP,ours,0,True,29.326292419096422,24.519,18.917419377015904,VALID
ablation,SP_s19,SP,u_rt,0,True,40.72399840598439,12.108,9.714792549144477,VALID
ablation,SP_s3,SP,u_ad_pd,0,True,49.20155663671161,11.009,8.861443409929052,VALID
ablation,MT_s0,MT,u,0,True,55.36674828475705,13.91,7.764184765983373,VALID
ablation,SP_s3,SP,no_fb,0,False,,13.31,,SEARCH_EXHAUSTED
ablation,SP_s4,SP,ours,0,True,31.51779394189462,10.508,6.463220444973558,VALID
ablation,MT_s0,MT,u_rt,0,True,55.36674828475705,13.91,7.730834641959518,VALID
ablation,SP_s4,SP,u_ad_pd,0,True,51.65713630346327,10.908,6.863832930102944,VALID
ablation,MT_s1,MT,u,0,True,76.50027032571359,13.709,11.809776325942948,VALID
ablation,SP_s4,SP,no_fb,0,True,31.51779394189462,10.508,6.477025518193841,VALID
ablation,MT_s1,MT,u_rt,0,True,76.50027032571359,14.911,13.049782593967393,VALID
ablation,SP_s5,SP,ours,0,True,24.112583032045315,8.506,6.370252789929509,VALID
ablation,SP_s5,SP,u_ad_pd,0,True,24.112583032045315,9.106,6.275174296926707,VALID
ablation,SP_s5,SP,no_fb,0,True,24.112583032045315,8.607,6.36770973703824,VALID
ablation,SP_s6,SP,ours,0,True,38.22806425014613,9.607,6.999325188109651,VALID
ablation,MT_s2,MT,u,0,True,67.6178696677602,35.928,32.61938634002581,VALID
ablation,SP_s6,SP,u_ad_pd,0,True,38.22806425014613,9.208,6.578812108142301,VALID
ablation,SP_s6,SP,no_fb,0,True,38.22806425014613,9.607,6.955142587888986,VALID
ablation,SP_s7,SP,ours,0,True,43.56702400422438,8.005,3.1908398258965462,VALID
ablation,SP_s7,SP,u_ad_pd,0,True,43.56702400422438,5.804,1.7691950020380318,VALID
ablation,SP_s7,SP,no_fb,0,True,43.56702400422438,8.006,3.203122430946678,VALID
ablation,SP_s8,SP,ours,0,True,52.19236947911642,13.609,7.177605494856834,VALID
ablation,SP_s8,SP,u_ad_pd,0,True,57.481358910434956,12.709,12.24080365896225,VALID
ablation,SP_s8,SP,no_fb,0,True,52.19236947911642,13.809,7.210941123077646,VALID
ablation,MT_s2,MT,u_rt,0,True,61.712260622096736,73.954,67.94319957681,VALID
ablation,MT_s3,MT,u,0,True,69.45201882332687,14.11,8.511998074129224,VALID
ablation,SP_s9,SP,ours,0,True,47.74524488156406,30.524,21.45776229002513,VALID
ablation,MT_s3,MT,u_rt,0,True,69.45201882332687,20.517,11.17479336890392,VALID
ablation,MT_s4,MT,u,0,True,75.29247447324097,11.909,11.773756648181006,VALID
ablation,SP_s9,SP,u_ad_pd,0,True,49.535740657000076,19.214,18.400155826006085,VALID
ablation,MT_s4,MT,u_rt,0,True,56.73112668093192,14.512,7.710834244033322,VALID
ablation,SP_s9,SP,no_fb,0,True,57.205001091283464,12.309,8.366796247893944,VALID
ablation,SP_s10,SP,ours,0,True,27.525247994059775,12.609,10.157193382037804,VALID
ablation,MT_s5,MT,u,0,True,63.54641662901327,16.612,6.940714106196538,VALID
ablation,SP_s10,SP,u_ad_pd,0,True,27.525247994059775,11.808,9.294651312055066,VALID
ablation,MT_s5,MT,u_rt,0,True,63.54641662901327,16.713,6.938172382069752,VALID
ablation,SP_s10,SP,no_fb,0,True,27.525247994059775,12.71,10.25026677409187,VALID
ablation,SP_s11,SP,ours,0,True,29.03467617754477,29.02,22.06845089397393,VALID
ablation,MT_s6,MT,u,0,True,90.00690442193604,56.543,43.06580151291564,VALID
ablation,SP_s11,SP,u_ad_pd,0,True,63.12989074735058,26.319,13.672773849917576,VALID
ablation,SP_s11,SP,no_fb,0,True,63.12989074735058,15.51,15.368285046191886,VALID
ablation,MT_s6,MT,u_rt,0,True,58.73448691841476,53.542,43.7714043490123,VALID
ablation,MT_s7,MT,u,0,True,70.16444635093471,11.408,7.2636015431489795,VALID
ablation,SP_s12,SP,ours,0,True,40.112053074415606,54.632,51.2097359651234,VALID
ablation,MT_s7,MT,u_rt,0,True,70.16444635093471,14.111,7.761415004031733,VALID
ablation,SP_s12,SP,u_ad_pd,0,True,52.24627686768966,35.825,30.08813984482549,VALID
ablation,SP_s12,SP,no_fb,0,False,,15.11,,SEARCH_EXHAUSTED
ablation,SP_s13,SP,ours,0,True,42.160802737447575,11.008,7.235982764977962,VALID
ablation,MT_s8,MT,u,0,True,88.03255947244583,69.751,11.952199388062581,VALID
ablation,SP_s13,SP,u_ad_pd,0,True,29.14129301730577,21.416,15.47323113004677,VALID
ablation,SP_s13,SP,no_fb,0,True,42.160802737447575,10.907,7.212773440871388,VALID
ablation,SP_s14,SP,ours,0,True,48.22894345351041,10.206,9.919757039984688,VALID
ablation,SP_s14,SP,u_ad_pd,0,True,48.22894345351041,10.307,10.02206646790728,VALID
ablation,SP_s14,SP,no_fb,0,True,48.22894345351041,10.207,9.921960965031758,VALID
ablation,SP_s15,SP,ours,0,True,47.05063001580836,11.308,6.610354258911684,VALID
ablation,SP_s15,SP,u_ad_pd,0,True,47.05063001580836,4.603,1.6398216139059514,VALID
ablation,SP_s15,SP,no_fb,0,True,47.05063001580836,11.308,6.597630633041263,VALID
ablation,MT_s8,MT,u_rt,0,True,78.1674640763639,78.152,6.794425883097574,VALID
ablation,SP_s16,SP,ours,0,True,54.669197130295885,11.608,11.455694762989879,VALID
ablation,MT_s9,MT,u,0,True,76.8589076562708,11.708,9.308926739031449,VALID
ablation,SP_s16,SP,u_ad_pd,0,True,54.669197130295885,9.508,9.376365906791762,VALID
ablation,SP_s16,SP,no_fb,0,True,54.669197130295885,11.608,11.423941110959277,VALID
ablation,SP_s17,SP,ours,0,True,53.63649387739897,15.011,14.82495802291669,VALID
ablation,SP_s17,SP,u_ad_pd,0,True,53.63649387739897,13.008,12.87565557518974,VALID
ablation,SP_s17,SP,no_fb,0,True,53.63649387739897,15.011,14.887590774102136,VALID
ablation,SP_s18,SP,ours,0,True,23.964245161392903,12.609,9.54077379591763,VALID
ablation,SP_s18,SP,u_ad_pd,0,True,23.964245161392903,13.711,10.822605991037562,VALID
ablation,MT_s9,MT,u_rt,0,True,67.13547776012805,92.263,20.416597448056564,VALID
ablation,SP_s18,SP,no_fb,0,True,23.964245161392903,12.411,9.483794836094603,VALID
ablation,MT_s10,MT,u,0,True,56.444710414354304,11.708,5.767714166082442,VALID
ablation,SP_s19,SP,ours,0,True,39.47570958913531,10.908,6.719534612027928,VALID
ablation,MT_s10,MT,u_rt,0,True,56.444710414354304,15.212,5.8974670940078795,VALID
ablation,SP_s19,SP,u_ad_pd,0,True,39.47570958913531,10.608,6.495656149927527,VALID
ablation,SP_s19,SP,no_fb,0,True,39.47570958913531,10.808,6.731157410191372,VALID
ablation,MT_s0,MT,ours,0,True,55.36674828475705,15.711,7.670035335002467,VALID
ablation,MT_s11,MT,u,0,True,82.44202528890209,42.931,11.023714860901237,VALID
ablation,MT_s0,MT,u_ad_pd,0,True,55.36674828475705,13.811,7.621889338130131,VALID
ablation,MT_s0,MT,no_fb,0,True,55.36674828475705,20.614,9.422952582128346,VALID
ablation,MT_s11,MT,u_rt,0,True,59.63815684370194,30.922,24.99717614520341,VALID
ablation,MT_s1,MT,ours,0,True,76.50027032571359,14.612,12.8181889411062,VALID
ablation,MT_s12,MT,u,0,True,68.09645964369683,11.209,11.03003168804571,VALID
ablation,MT_s1,MT,u_ad_pd,0,True,76.50027032571359,13.409,11.578040656168014,VALID
ablation,MT_s12,MT,u_rt,0,True,56.66096508096141,13.609,7.692806804087013,VALID
ablation,MT_s1,MT,no_fb,0,True,76.50027032571359,14.611,12.806134114973247,VALID
ablation,MT_s13,MT,u,0,True,74.00307612278769,15.611,13.354649890912697,VALID
ablation,MT_s2,MT,ours,0,True,53.565515275491066,35.826,7.080445379018784,VALID
ablation,MT_s2,MT,u_ad_pd,0,True,67.6178696677602,34.925,31.74498950690031,VALID
ablation,MT_s13,MT,u_rt,0,True,74.00307612278769,80.657,78.41282173804939,VALID
ablation,MT_s2,MT,no_fb,0,True,67.6178696677602,38.531,35.4142585019581,VALID
ablation,MT_s3,MT,ours,0,True,69.45201882332687,20.014,10.999654948012903,VALID
ablation,MT_s3,MT,u_ad_pd,0,True,69.45201882332687,13.81,8.436979125021026,VALID
ablation,MT_s14,MT,u,0,True,64.33984878144969,60.546,46.114268434932455,VALID
ablation,MT_s3,MT,no_fb,0,True,69.45201882332687,19.915,10.950902075972408,VALID
ablation,MT_s14,MT,u_rt,0,True,58.372584204609666,18.515,7.455081931082532,VALID
ablation,MT_s4,MT,ours,0,True,56.73112668093192,14.112,7.623547407099977,VALID
ablation,MT_s4,MT,u_ad_pd,0,True,75.29247447324097,11.81,11.633068612078205,VALID
ablation,MT_s15,MT,u,0,True,84.7725209484129,23.219,9.949310922063887,VALID
ablation,MT_s4,MT,no_fb,0,True,75.29247447324097,17.013,16.85822461801581,VALID
ablation,MT_s15,MT,u_rt,0,True,54.97606837866227,24.118,19.98472701315768,VALID
ablation,MT_s5,MT,ours,0,True,60.20344765448692,18.915,8.657129080966115,VALID
ablation,MT_s16,MT,u,0,True,85.8182100112243,15.013,12.176738006994128,VALID
ablation,MT_s5,MT,u_ad_pd,0,True,63.54641662901327,16.211,6.87151561002247,VALID
ablation,MT_s16,MT,u_rt,0,True,85.8182100112243,29.122,26.26898898789659,VALID
ablation,MT_s5,MT,no_fb,0,True,60.20344765448692,18.914,8.716306817019358,VALID
ablation,MT_s17,MT,u,0,True,85.86253165903018,30.824,14.892024639993906,VALID
ablation,MT_s6,MT,ours,0,True,53.66579719665198,47.136,42.54101398400962,VALID
ablation,MT_s17,MT,u_rt,0,True,66.6812989182478,21.316,10.405654856003821,VALID
ablation,MT_s18,MT,u,0,True,68.96825487452614,12.012,8.672008002875373,VALID
ablation,MT_s18,MT,u_rt,0,True,52.25623121549903,13.509,7.149702137801796,VALID
ablation,MT_s19,MT,u,0,True,85.83888097414861,15.912,7.787676876178011,VALID
ablation,MT_s19,MT,u_rt,0,True,60.984050692170555,16.611,8.266800529090688,VALID
ablation,MT_s6,MT,u_ad_pd,0,True,90.00690442193604,61.148,41.301431448198855,VALID
ablation,ST_s0,ST,u,0,True,77.0953818890483,10.909,6.989593073958531,VALID
ablation,MT_s6,MT,no_fb,0,True,92.08960002959358,34.725,12.858633145922795,VALID
ablation,ST_s0,ST,u_rt,0,True,66.12885013062414,81.558,8.574332905933261,VALID
ablation,ST_s1,ST,u,0,True,61.17886982041804,13.01,8.297794600017369,VALID
ablation,MT_s7,MT,ours,0,True,70.16444635093471,13.711,7.699689117958769,VALID
ablation,MT_s7,MT,u_ad_pd,0,True,70.16444635093471,10.908,7.174762419890612,VALID
ablation,ST_s1,ST,u_rt,0,True,53.175266340138215,15.712,6.30858119786717,VALID
ablation,MT_s7,MT,no_fb,0,True,70.16444635093471,13.71,7.682294524041936,VALID
ablation,ST_s2,ST,u,0,True,62.99092352845117,40.131,34.72691904287785,VALID
ablation,ST_s2,ST,u_rt,0,True,62.99092352845117,41.032,36.244039370911196,VALID
ablation,ST_s3,ST,u,0,True,62.89524344558789,10.608,6.702764692949131,VALID
ablation,ST_s3,ST,u_rt,0,True,61.6521581085787,14.812,7.771848489996046,VALID
ablation,MT_s8,MT,ours,0,True,65.65330194708264,100.0,94.22450448991731,VALID
ablation,ST_s4,ST,u,0,True,55.84703990210534,13.51,13.333668740931898,VALID
ablation,ST_s4,ST,u_rt,0,True,55.84703990210534,10.007,9.780355446971953,VALID
ablation,MT_s8,MT,u_ad_pd,0,True,88.03255947244583,67.047,11.47322678216733,VALID
ablation,MT_s8,MT,no_fb,0,True,78.1674640763639,13.409,6.481232654070482,VALID
ablation,ST_s5,ST,u,0,True,79.30635131884253,100.0,96.55006797611713,VALID
ablation,MT_s9,MT,ours,0,True,67.13547776012805,100.0,36.010012979852036,VALID
ablation,MT_s9,MT,u_ad_pd,0,True,76.8589076562708,11.505,9.208086431026459,VALID
ablation,MT_s9,MT,no_fb,0,True,76.8589076562708,14.609,9.321961510926485,VALID
ablation,MT_s10,MT,ours,0,True,56.444710414354304,14.712,5.725761564914137,VALID
ablation,ST_s5,ST,u_rt,0,True,79.30635131884253,100.0,45.66273790295236,VALID
ablation,MT_s10,MT,u_ad_pd,0,True,56.444710414354304,11.41,5.60158525290899,VALID
ablation,ST_s6,ST,u,0,True,76.62199231097922,10.408,9.971487222006544,VALID
ablation,MT_s10,MT,no_fb,0,True,56.444710414354304,14.712,5.724613292841241,VALID
ablation,ST_s6,ST,u_rt,0,True,68.17506694788773,100.0,60.80597223085351,VALID
ablation,ST_s7,ST,u,0,True,64.99666096081592,18.313,12.529397808015347,VALID
ablation,MT_s11,MT,ours,0,True,59.63815684370194,31.221,25.181408528005704,VALID
ablation,ST_s7,ST,u_rt,0,True,64.99666096081592,21.416,16.241414583986625,VALID
ablation,MT_s11,MT,u_ad_pd,0,True,82.44202528890209,47.136,10.94668745691888,VALID
ablation,ST_s8,ST,u,0,True,72.94016808105373,52.337,52.24297216301784,VALID
ablation,MT_s11,MT,no_fb,0,True,73.85605610351195,15.01,7.527055104030296,VALID
ablation,MT_s12,MT,ours,0,True,56.66096508096141,13.311,7.592505797976628,VALID
ablation,MT_s12,MT,u_ad_pd,0,True,68.09645964369683,11.008,10.84227944794111,VALID
ablation,MT_s12,MT,no_fb,0,True,56.66096508096141,13.508,7.6331209051422775,VALID
ablation,ST_s8,ST,u_rt,0,False,,100.0,,BUDGET_EXHAUSTED
ablation,MT_s13,MT,ours,0,True,74.00307612278769,77.748,75.48733917204663,VALID
ablation,ST_s9,ST,u,0,True,53.47074836279738,18.413,6.993137165904045,VALID
ablation,MT_s13,MT,u_ad_pd,0,True,74.00307612278769,15.511,13.259198806947097,VALID
ablation,ST_s9,ST,u_rt,0,True,53.47074836279738,12.008,7.383959339931607,VALID
ablation,ST_s10,ST,u,0,True,73.04180973216197,14.21,7.596106817945838,VALID
ablation,ST_s10,ST,u_rt,0,True,73.04180973216197,60.641,52.9178460969124,VALID
ablation,MT_s13,MT,no_fb,0,True,74.00307612278769,78.356,76.13648106716573,VALID
ablation,MT_s14,MT,ours,0,True,58.372584204609666,18.214,7.531375488033518,VALID
ablation,ST_s11,ST,u,0,True,69.24484332369782,51.839,44.48419156204909,VALID
ablation,MT_s14,MT,u_ad_pd,0,True,64.33984878144969,64.147,50.005538957891986,VALID
ablation,MT_s14,MT,no_fb,0,True,78.8197299198137,16.011,15.610826110932976,VALID
ablation,ST_s11,ST,u_rt,0,True,69.24484332369782,56.842,52.96971565508284,VALID
ablation,ST_s12,ST,u,0,True,81.38733164326732,13.01,7.033022777177393,VALID
ablation,MT_s15,MT,ours,0,True,54.97606837866227,23.617,19.512741876998916,VALID
ablation,ST_s12,ST,u_rt,0,True,57.855588774344284,30.023,24.6890458278358,VALID
ablation,MT_s15,MT,u_ad_pd,0,True,84.7725209484129,27.621,9.895822062157094,VALID
ablation,MT_s15,MT,no_fb,0,True,84.7725209484129,11.709,11.533257542876527,VALID
ablation,MT_s16,MT,ours,0,True,58.2502457244353,16.812,6.9369079461321235,VALID
ablation,MT_s16,MT,u_ad_pd,0,True,85.8182100112243,15.011,12.173042743932456,VALID
ablation,ST_s13,ST,u,0,True,63.56939577069278,50.634,7.936243586940691,VALID
ablation,MT_s16,MT,no_fb,0,True,58.2502457244353,17.012,6.96099186106585,VALID
ablation,MT_s17,MT,ours,0,True,66.6812989182478,20.914,10.228888243902475,VALID
ablation,ST_s13,ST,u_rt,0,True,59.329942851259375,52.537,7.1273631390649825,VALID
ablation,ST_s14,ST,u,0,True,65.32352522991003,10.709,5.514230505097657,VALID
ablation,MT_s17,MT,u_ad_pd,0,True,85.86253165903018,35.123,14.671192653942853,VALID
ablation,ST_s14,ST,u_rt,0,True,56.16133344872136,13.911,6.584196445997804,VALID
ablation,MT_s17,MT,no_fb,0,True,66.6812989182478,20.915,10.247015901841223,VALID
ablation,MT_s18,MT,ours,0,True,52.25623121549903,13.31,7.084929439006373,VALID
ablation,MT_s18,MT,u_ad_pd,0,True,68.96825487452614,11.71,8.584026257973164,VALID
ablation,MT_s18,MT,no_fb,0,True,52.25623121549903,13.11,7.065154036041349,VALID
ablation,MT_s19,MT,ours,0,True,60.984050692170555,16.211,8.163892184849828,VALID
ablation,MT_s19,MT,u_ad_pd,0,True,85.83888097414861,15.412,7.648476099129766,VALID
ablation,MT_s19,MT,no_fb,0,True,60.984050692170555,17.612,8.471799782011658,VALID
ablation,ST_s15,ST,u,0,False,,100.0,,BUDGET_EXHAUSTED
ablation,ST_s0,ST,ours,0,True,66.12885013062414,80.049,8.446679740212858,VALID
ablation,ST_s0,ST,u_ad_pd,0,True,77.0953818890483,10.508,6.762163216015324,VALID
ablation,ST_s15,ST,u_rt,0,False,,100.0,,BUDGET_EXHAUSTED
ablation,ST_s0,ST,no_fb,0,True,66.12885013062414,79.05,8.25429806811735,VALID
ablation,ST_s1,ST,ours,0,True,53.175266340138215,15.511,6.299134599044919,VALID
ablation,ST_s1,ST,u_ad_pd,0,True,61.17886982041804,13.008,8.364076885161921,VALID
ablation,ST_s1,ST,no_fb,0,True,53.175266340138215,15.811,6.412810460198671,VALID
ablation,ST_s16,ST,u,0,True,62.78221293131387,100.0,83.33018511906266,VALID
ablation,ST_s2,ST,ours,0,True,62.99092352845117,40.026,35.28096774616279,VALID
ablation,ST_s2,ST,u_ad_pd,0,True,62.99092352845117,38.725,33.82843774394132,VALID
ablation,ST_s16,ST,u_rt,0,True,62.216723326371664,100.0,89.69230869901367,VALID
ablation,ST_s2,ST,no_fb,0,True,62.99092352845117,41.027,36.24606972699985,VALID
ablation,ST_s17,ST,u,0,True,50.984962973039856,19.715,19.409667821833864,VALID
ablation,ST_s3,ST,ours,0,True,61.6521581085787,14.81,7.77146671898663,VALID
ablation,ST_s3,ST,u_ad_pd,0,True,62.89524344558789,10.307,6.532309235073626,VALID
ablation,ST_s3,ST,no_fb,0,True,61.6521581085787,14.61,7.710970079060644,VALID
ablation,ST_s4,ST,ours,0,True,55.84703990210534,9.707,9.469961997121572,VALID
ablation,ST_s4,ST,u_ad_pd,0,True,55.84703990210534,13.41,13.236866613849998,VALID
ablation,ST_s17,ST,u_rt,0,True,50.984962973039856,56.543,56.24786622892134,VALID
ablation,ST_s4,ST,no_fb,0,True,55.84703990210534,9.707,9.519693766022101,VALID
ablation,ST_s18,ST,u,0,True,68.63030752542905,56.24,52.20568737387657,VALID
ablation,ST_s5,ST,ours,0,True,79.30635131884253,100.0,45.082629427080974,VALID
ablation,ST_s18,ST,u_rt,0,True,69.6900777535246,60.141,20.158861861098558,VALID
ablation,ST_s19,ST,u,0,True,67.70281688394714,69.949,60.913240803871304,VALID
ablation,ST_s5,ST,u_ad_pd,0,True,79.30635131884253,100.0,94.02396657108329,VALID
ablation,ST_s19,ST,u_rt,0,True,66.03156576746309,74.151,70.28295445092954,VALID
ablation,ST_s5,ST,no_fb,0,True,79.30635131884253,100.0,44.212894211988896,VALID
ablation,ST_s6,ST,ours,0,True,68.17506694788773,100.0,64.33224329492077,VALID
ablation,ST_s6,ST,u_ad_pd,0,True,76.62199231097922,10.208,9.840919673908502,VALID
ablation,ST_s6,ST,no_fb,0,True,76.62199231097922,12.709,12.275488835992292,VALID
ablation,ST_s7,ST,ours,0,True,64.99666096081592,21.115,16.08481121598743,VALID
ablation,ST_s7,ST,u_ad_pd,0,True,64.99666096081592,17.813,12.032672578003258,VALID
ablation,ST_s7,ST,no_fb,0,True,116.09400885560083,8.806,5.263331960188225,VALID
ablation,ST_s8,ST,ours,0,True,64.65038998617743,100.0,99.30061174696311,VALID
ablation,ST_s8,ST,u_ad_pd,0,True,72.94016808105373,50.535,50.4418370060157,VALID
ablation,ST_s8,ST,no_fb,0,False,,100.0,,BUDGET_EXHAUSTED
ablation,ST_s9,ST,ours,0,True,53.47074836279738,11.608,7.035086244810373,VALID
ablation,ST_s9,ST,u_ad_pd,0,True,53.47074836279738,17.713,6.7931666490621865,VALID
ablation,ST_s9,ST,no_fb,0,True,53.47074836279738,11.609,7.072229902958497,VALID
ablation,ST_s10,ST,ours,0,True,73.04180973216197,57.54,50.122150062117726,VALID
ablation,ST_s10,ST,u_ad_pd,0,True,73.04180973216197,13.21,7.0772950851824135,VALID
ablation,ST_s10,ST,no_fb,0,True,73.04180973216197,59.243,51.576916238991544,VALID
ablation,ST_s11,ST,ours,0,True,69.24484332369782,52.735,49.144775048829615,VALID
ablation,ST_s11,ST,u_ad_pd,0,True,69.24484332369782,47.232,40.502152651082724,VALID
ablation,ST_s11,ST,no_fb,0,False,,41.128,,SEARCH_EXHAUSTED
ablation,ST_s12,ST,ours,0,True,57.855588774344284,29.22,24.165650158189237,VALID
ablation,ST_s12,ST,u_ad_pd,0,True,81.38733164326732,12.409,6.748456135159358,VALID
ablation,ST_s12,ST,no_fb,0,True,81.38733164326732,14.01,8.278542964020744,VALID
ablation,ST_s13,ST,ours,0,True,59.329942851259375,52.634,7.102500574896112,VALID
ablation,ST_s13,ST,u_ad_pd,0,True,63.56939577069278,48.831,7.756707574939355,VALID
ablation,ST_s13,ST,no_fb,0,True,59.329942851259375,50.936,6.962844925001264,VALID
ablation,ST_s14,ST,ours,0,True,56.16133344872136,13.51,6.370573153020814,VALID
ablation,ST_s14,ST,u_ad_pd,0,True,65.32352522991003,10.407,5.32136225909926,VALID
ablation,ST_s14,ST,no_fb,0,True,56.16133344872136,13.509,6.464179620845243,VALID
ablation,ST_s15,ST,ours,0,False,,100.0,,BUDGET_EXHAUSTED
ablation,ST_s15,ST,u_ad_pd,0,False,,100.0,,BUDGET_EXHAUSTED
ablation,ST_s15,ST,no_fb,0,False,,100.0,,BUDGET_EXHAUSTED
ablation,ST_s16,ST,ours,0,True,62.216723326371664,100.0,85.19205446611159,VALID
ablation,ST_s16,ST,u_ad_pd,0,True,62.78221293131387,100.0,78.91149663110264,VALID
ablation,ST_s16,ST,no_fb,0,True,62.683635253449225,83.26,7.589871548814699,VALID
ablation,ST_s17,ST,ours,0,True,50.984962973039856,55.64,55.357174823991954,VALID
ablation,ST_s17,ST,u_ad_pd,0,True,50.984962973039856,19.515,19.291570622008294,VALID
ablation,ST_s17,ST,no_fb,0,True,50.984962973039856,55.538,55.236184175126255,VALID
ablation,ST_s18,ST,ours,0,True,69.6900777535246,65.146,19.984893281944096,VALID
ablation,ST_s18,ST,u_ad_pd,0,True,68.63030752542905,60.04,55.978127006907016,VALID
ablation,ST_s18,ST,no_fb,0,True,70.89359610391246,13.01,8.70614081993699,VALID
ablation,ST_s19,ST,ours,0,True,66.03156576746309,72.851,68.97463328693993,VALID
ablation,ST_s19,ST,u_ad_pd,0,True,67.70281688394714,69.449,60.31905478099361,VALID
ablation,ST_s19,ST,no_fb,0,True,67.70281688394714,61.845,61.66214031307027,VALID
ablation,MP_s0,MP,diverse_u,0,True,49.649412597680346,9.808,2.6479559240397066,VALID
ablation,MP_s1,MP,diverse_u,0,True,59.83821809544257,55.542,21.23168942099437,VALID
ablation,MP_s2,MP,diverse_u,0,True,50.648556062190245,10.508,8.371332527138293,VALID
ablation,MP_s3,MP,diverse_u,0,True,57.64647680368609,18.414,16.071136638056487,VALID
ablation,MP_s4,MP,diverse_u,0,True,50.99632931416491,21.619,11.621151029132307,VALID
ablation,MP_s5,MP,diverse_u,0,True,51.894437686536016,16.417,12.544541211798787,VALID
ablation,MP_s6,MP,diverse_u,0,True,46.13493811887105,6.005,5.7972711969632655,VALID
ablation,MP_s7,MP,diverse_u,0,True,54.61595686288596,7.406,3.2387617870699614,VALID
ablation,MP_s8,MP,diverse_u,0,True,52.53701736108858,5.804,5.650086960056797,VALID
ablation,MP_s9,MP,diverse_u,0,True,61.39039556697753,10.207,3.5137833210173994,VALID
ablation,MP_s10,MP,diverse_u,0,True,53.13566063146355,4.604,2.3685453929938376,VALID
ablation,MP_s11,MP,diverse_u,0,True,48.57550933184453,6.505,2.622532007051632,VALID
ablation,MP_s12,MP,diverse_u,0,True,53.14761836017526,34.726,32.43111796188168,VALID
ablation,MP_s13,MP,diverse_u,0,True,42.44655667904347,4.805,2.3991941658314317,VALID
ablation,MP_s14,MP,diverse_u,0,True,55.50107580373393,16.814,7.243560191011056,VALID
ablation,MP_s15,MP,diverse_u,0,True,35.61022879438773,7.606,2.4078303859569132,VALID
ablation,MP_s16,MP,diverse_u,0,True,58.39123519162702,13.01,11.623684567166492,VALID
ablation,MP_s17,MP,diverse_u,0,True,43.869947284038105,9.907,2.39225004799664,VALID
ablation,MP_s18,MP,diverse_u,0,True,50.63627068322041,8.306,3.3390975140500814,VALID
ablation,MP_s19,MP,diverse_u,0,True,45.74277197563333,7.806,2.7129820520058274,VALID
ablation,SP_s0,SP,diverse_u,0,True,40.92316044685791,5.805,5.649017519783229,VALID
ablation,SP_s1,SP,diverse_u,0,True,51.56059787547915,34.524,24.534722188021988,VALID
ablation,SP_s2,SP,diverse_u,0,True,48.2777805337357,9.607,6.213801911100745,VALID
ablation,SP_s3,SP,diverse_u,0,True,46.911049052451105,11.509,6.9655689059291035,VALID
ablation,SP_s4,SP,diverse_u,0,True,51.65713630346327,6.005,2.231311956886202,VALID
ablation,SP_s5,SP,diverse_u,0,True,49.64778487686462,26.119,14.832768949912861,VALID
ablation,SP_s6,SP,diverse_u,0,True,38.22806425014613,3.603,1.9545791991986334,VALID
ablation,SP_s7,SP,diverse_u,0,True,43.56702400422438,7.606,2.3531064209528267,VALID
ablation,SP_s8,SP,diverse_u,0,True,57.481358910434956,12.21,5.836835506139323,VALID
ablation,SP_s9,SP,diverse_u,0,True,49.535740657000076,15.312,10.694237754913047,VALID
ablation,SP_s10,SP,diverse_u,0,True,62.76202255433807,9.508,3.6903869069647044,VALID
ablation,SP_s11,SP,diverse_u,0,True,63.12989074735058,21.017,6.4268542130012065,VALID
ablation,SP_s12,SP,diverse_u,0,True,46.67167923605784,39.228,30.18166097998619,VALID
ablation,SP_s13,SP,diverse_u,0,True,53.10976247203097,27.52,23.079376843059435,VALID
ablation,SP_s14,SP,diverse_u,0,True,48.22894345351041,7.306,3.026993924053386,VALID
ablation,SP_s15,SP,diverse_u,0,True,47.05063001580836,14.81,7.13021464808844,VALID
ablation,SP_s16,SP,diverse_u,0,True,54.669197130295885,9.107,3.444243777077645,VALID
ablation,SP_s17,SP,diverse_u,0,True,53.63649387739897,7.106,6.936715709976852,VALID
ablation,SP_s18,SP,diverse_u,0,True,41.75928827521381,12.409,9.605036079185084,VALID
ablation,SP_s19,SP,diverse_u,0,True,54.00869955444423,6.005,2.304957794956863,VALID
ablation,MT_s0,MT,diverse_u,0,True,55.68262776255523,15.712,7.534785533789545,VALID
ablation,MT_s1,MT,diverse_u,0,True,76.50027032571359,13.31,7.535577101865783,VALID
ablation,MT_s2,MT,diverse_u,0,True,67.6178696677602,38.027,32.145945694996044,VALID
ablation,MT_s3,MT,diverse_u,0,True,83.2731529030237,33.727,21.78462461102754,VALID
ablation,MT_s4,MT,diverse_u,0,True,75.29247447324097,17.514,14.19500584807247,VALID
ablation,MT_s5,MT,diverse_u,0,True,54.874686783618756,100.0,33.333658325951546,VALID
ablation,MT_s6,MT,diverse_u,0,True,64.53743023458503,73.551,59.965124276001006,VALID
ablation,MT_s7,MT,diverse_u,0,True,70.1220709989254,100.0,21.59848322207108,VALID
ablation,MT_s8,MT,diverse_u,0,True,88.03255947244583,27.121,16.22203669208102,VALID
ablation,MT_s9,MT,diverse_u,0,True,85.21195119604124,14.417,8.557088311994448,VALID
ablation,MT_s10,MT,diverse_u,0,True,56.444710414354304,100.0,6.560705745127052,VALID
ablation,MT_s11,MT,diverse_u,0,True,66.57739752394248,56.841,48.65801880694926,VALID
ablation,MT_s12,MT,diverse_u,0,True,68.09645964369683,10.908,10.807053970173001,VALID
ablation,MT_s13,MT,diverse_u,0,True,74.00307612278769,15.71,8.127774317050353,VALID
ablation,MT_s14,MT,diverse_u,0,True,75.62028697373054,78.058,28.505869573913515,VALID
ablation,MT_s15,MT,diverse_u,0,True,80.94897496835938,31.323,18.336867064004764,VALID
ablation,MT_s16,MT,diverse_u,0,True,82.20879668470775,20.614,14.507703911978751,VALID
ablation,MT_s17,MT,diverse_u,0,True,85.86253165903018,58.643,22.015066026011482,VALID
ablation,MT_s18,MT,diverse_u,0,True,68.96825487452614,14.411,7.45412587095052,VALID
ablation,MT_s19,MT,diverse_u,0,True,85.83888097414861,23.918,7.45415767794475,VALID
ablation,ST_s0,ST,diverse_u,0,True,77.0953818890483,14.912,5.8805818220134825,VALID
ablation,ST_s1,ST,diverse_u,0,True,61.17886982041804,17.313,6.9294393341988325,VALID
ablation,ST_s2,ST,diverse_u,0,True,62.99092352845117,45.833,35.3045609400142,VALID
ablation,ST_s3,ST,diverse_u,0,True,62.89524344558789,18.414,6.649351151892915,VALID
ablation,ST_s4,ST,diverse_u,0,True,55.84703990210534,11.509,7.1968782329931855,VALID
ablation,ST_s5,ST,diverse_u,0,True,79.30635131884253,80.363,7.258563700830564,VALID
ablation,ST_s6,ST,diverse_u,0,True,76.62199231097922,13.71,7.619759241817519,VALID
ablation,ST_s7,ST,diverse_u,0,True,64.99666096081592,27.02,17.306637799134478,VALID
ablation,ST_s8,ST,diverse_u,0,True,72.94016808105373,55.844,55.72584271989763,VALID
ablation,ST_s9,ST,diverse_u,0,True,53.47074836279738,16.112,7.383711557136849,VALID
ablation,ST_s10,ST,diverse_u,0,True,76.39133295003074,16.515,7.697469450067729,VALID
ablation,ST_s11,ST,diverse_u,0,True,79.54204893683657,78.955,71.90147274290211,VALID
ablation,ST_s12,ST,diverse_u,0,True,58.70440207098582,14.811,6.023985659936443,VALID
ablation,ST_s13,ST,diverse_u,0,True,63.56939577069278,53.842,8.715364940930158,VALID
ablation,ST_s14,ST,diverse_u,0,True,75.86611449493955,12.309,4.7683541579172015,VALID
ablation,ST_s15,ST,diverse_u,0,True,71.94304539745133,9.508,9.33554812707007,VALID
ablation,ST_s16,ST,diverse_u,0,True,62.78221293131387,100.0,83.63394582900219,VALID
ablation,ST_s17,ST,diverse_u,0,True,50.984962973039856,18.214,8.444648643955588,VALID
ablation,ST_s18,ST,diverse_u,0,True,68.63030752542905,64.946,60.83072196994908,VALID
ablation,ST_s19,ST,diverse_u,0,False,,100.0,,BUDGET_EXHAUSTED
