experiment,case,family,method,seed,success,makespan_s,runtime_s,end_reason
hw,HW_MP_s0,HW_MP,cbtamp,0,True,87.33094493185561,35.328,VALID
hw,HW_MP_s0,HW_MP,ours,0,True,29.16284781817639,8.307,VALID
hw,HW_MP_s0,HW_MP,tas_sipp,0,True,24.253805814175394,1.434608805924654,VALID
hw,HW_MP_s0,HW_MP,u,0,True,43.572914037546184,10.809,VALID
hw,HW_MP_s1,HW_MP,cbtamp,0,True,72.72307063911462,16.212,VALID
hw,HW_MP_s1,HW_MP,ours,0,True,27.43939869446139,8.107,VALID
hw,HW_MP_s1,HW_MP,tas_sipp,0,True,24.406383522712424,1.4099156318698078,VALID
hw,HW_MP_s1,HW_MP,u,0,True,69.98185885338188,34.425,VALID
hw,HW_MP_s2,HW_MP,cbtamp,0,False,,100.0,BUDGET_EXHAUSTED
hw,HW_MP_s2,HW_MP,ours,0,True,53.10828247971161,50.438,VALID
hw,HW_MP_s2,HW_MP,tas_sipp,0,False,,2.160234352108091,SIPP_FAILED
hw,HW_MP_s2,HW_MP,u,0,True,76.15556361204342,34.826,VALID
hw,HW_MP_s3,HW_MP,cbtamp,0,True,64.045450915249,17.813,VALID
hw,HW_MP_s3,HW_MP,ours,0,True,61.46994382599321,48.135,VALID
hw,HW_MP_s3,HW_MP,tas_sipp,0,False,,2.3229053628165275,SIPP_FAILED
hw,HW_MP_s3,HW_MP,u,0,True,58.41692180640136,15.912,VALID
hw,HW_MP_s4,HW_MP,cbtamp,0,True,62.7466170876215,13.911,VALID
hw,HW_MP_s4,HW_MP,ours,0,True,56.290047413580844,45.634,VALID
hw,HW_MP_s4,HW_MP,tas_sipp,0,True,29.26519068616169,6.194507545093074,VALID
hw,HW_MP_s4,HW_MP,u,0,True,61.90267807972125,16.213,VALID
hw,HW_MT_s0,HW_MT,cbtamp,0,True,78.8114903556461,31.324,VALID
hw,HW_MT_s0,HW_MT,ours,0,True,72.13701659755905,28.723,VALID
hw,HW_MT_s0,HW_MT,tas_sipp,0,False,,60.65939686098136,SIPP_FAILED
hw,HW_MT_s0,HW_MT,u,0,True,72.13701659755905,17.015,VALID
hw,HW_MT_s1,HW_MT,cbtamp,0,True,116.0062686626448,39.33,VALID
hw,HW_MT_s1,HW_MT,ours,0,True,79.98876796654467,28.221,VALID
hw,HW_MT_s1,HW_MT,tas_sipp,0,False,,60.7625191800762,SIPP_FAILED
hw,HW_MT_s1,HW_MT,u,0,True,79.98876796654467,17.013,VALID
hw,HW_MT_s2,HW_MT,cbtamp,0,True,128.3233585377527,18.413,VALID
hw,HW_MT_s2,HW_MT,ours,0,True,62.30389750917884,22.115,VALID
hw,HW_MT_s2,HW_MT,tas_sipp,0,False,,60.847670754184946,SIPP_FAILED
hw,HW_MT_s2,HW_MT,u,0,True,62.30389750917884,12.511,VALID
hw,HW_MT_s3,HW_MT,cbtamp,0,False,,100.0,BUDGET_EXHAUSTED
hw,HW_MT_s3,HW_MT,ours,0,True,79.6794231174477,41.331,VALID
hw,HW_MT_s3,HW_MT,tas_sipp,0,False,,60.69793477514759,NO_SCHEDULE
hw,HW_MT_s3,HW_MT,u,0,True,79.6794231174477,28.221,VALID
hw,HW_MT_s4,HW_MT,cbtamp,0,True,88.68329687287343,20.916,VALID
hw,HW_MT_s4,HW_MT,ours,0,True,77.13626789621439,23.219,VALID
hw,HW_MT_s4,HW_MT,tas_sipp,0,False,,60.788670626003295,SIPP_FAILED
hw,HW_MT_s4,HW_MT,u,0,True,77.13626789621439,14.812,VALID
