experiment,case,family,method,seed,success,makespan_s,runtime_s,first_round_success,first_round_makespan_s,rounds,end_reason
tasfb,MP_s1,MP,tas_fb,0,True,26.986019160215626,2.2105866412166506,True,26.986019160215626,1,VALID
tasfb,MP_s0,MP,tas_fb,0,True,25.438055259949632,3.410400666994974,True,25.438055259949632,1,VALID
tasfb,MP_s2,MP,tas_fb,0,True,25.73228111652873,2.391518577001989,True,25.73228111652873,1,VALID
tasfb,MP_s3,MP,tas_fb,0,True,27.317469927350196,5.681395968189463,True,27.317469927350196,1,VALID
tasfb,MP_s4,MP,tas_fb,0,True,26.82680120738839,2.8299606509972364,True,26.82680120738839,1,VALID
tasfb,MP_s6,MP,tas_fb,0,True,23.06462722379757,2.938152916962281,True,23.06462722379757,1,VALID
tasfb,MP_s5,MP,tas_fb,0,True,27.03679129555723,6.31060319300741,True,27.03679129555723,1,VALID
tasfb,MP_s8,MP,tas_fb,0,True,26.832511330209666,2.7168889939785004,True,26.832511330209666,1,VALID
tasfb,MP_s10,MP,tas_fb,0,True,25.507277643890433,1.8377336671110243,True,25.507277643890433,1,VALID
tasfb,MP_s7,MP,tas_fb,0,True,27.0545182147966,2.235051363008097,True,27.0545182147966,1,VALID
tasfb,MP_s12,MP,tas_fb,0,True,25.693373473830963,2.799081028206274,True,25.693373473830963,1,VALID
tasfb,MP_s9,MP,tas_fb,0,True,27.215267283193125,2.923275511013344,True,27.215267283193125,1,VALID
tasfb,MP_s14,MP,tas_fb,0,True,26.424685471208917,2.260319837136194,True,26.424685471208917,1,VALID
tasfb,MP_s11,MP,tas_fb,0,True,26.218576476395327,3.158300539944321,True,26.218576476395327,1,VALID
tasfb,MP_s16,MP,tas_fb,0,True,26.147245654393654,2.714102518046275,True,26.147245654393654,1,VALID
tasfb,MP_s13,MP,tas_fb,0,True,23.624253681646362,2.3593908820766956,True,23.624253681646362,1,VALID
tasfb,MP_s18,MP,tas_fb,0,True,26.21166754785206,2.4781597221735865,True,26.21166754785206,1,VALID
tasfb,MP_s15,MP,tas_fb,0,True,23.169828879124385,2.5533625741954893,True,23.169828879124385,1,VALID
tasfb,SP_s0,SP,tas_fb,0,True,27.261354575448973,1.3935955301858485,True,27.261354575448973,1,VALID
tasfb,SP_s2,SP,tas_fb,0,True,26.52555028653734,1.4211196538526565,True,26.52555028653734,1,VALID
tasfb,MP_s17,MP,tas_fb,0,True,27.247981248727942,3.7996618770994246,True,27.247981248727942,1,VALID
tasfb,SP_s4,SP,tas_fb,0,True,26.83559563939278,1.7625291601289064,True,26.83559563939278,1,VALID
tasfb,SP_s6,SP,tas_fb,0,True,25.350244793415893,1.7021060101687908,True,25.350244793415893,1,VALID
tasfb,MP_s19,MP,tas_fb,0,True,26.03198315901227,2.596673991996795,True,26.03198315901227,1,VALID
tasfb,SP_s8,SP,tas_fb,0,True,26.34757347963884,1.3327439930289984,True,26.34757347963884,1,VALID
tasfb,SP_s1,SP,tas_fb,0,True,26.10725087111912,1.4856379239354283,True,26.10725087111912,1,VALID
tasfb,SP_s10,SP,tas_fb,0,True,26.437884500600628,1.2939855260774493,True,26.437884500600628,1,VALID
tasfb,SP_s3,SP,tas_fb,0,True,26.284343406582515,1.4750838519539684,True,26.284343406582515,1,VALID
tasfb,SP_s12,SP,tas_fb,0,True,26.53036088379612,1.2642959938384593,True,26.53036088379612,1,VALID
tasfb,SP_s5,SP,tas_fb,0,True,23.358780453499335,1.378555489005521,True,23.358780453499335,1,VALID
tasfb,SP_s14,SP,tas_fb,0,True,28.891786013625385,1.8592066841665655,True,28.891786013625385,1,VALID
tasfb,SP_s7,SP,tas_fb,0,True,26.768800086166582,1.3266761740669608,True,26.768800086166582,1,VALID
tasfb,SP_s16,SP,tas_fb,0,True,30.62859124632729,1.8449878101237118,True,30.62859124632729,1,VALID
tasfb,SP_s9,SP,tas_fb,0,True,27.13105519833442,1.3456748088356107,True,27.13105519833442,1,VALID
tasfb,SP_s18,SP,tas_fb,0,True,22.697709770089805,1.2563681981991976,True,22.697709770089805,1,VALID
tasfb,SP_s11,SP,tas_fb,0,True,26.216643087281184,1.374735418939963,True,26.216643087281184,1,VALID
tasfb,SP_s13,SP,tas_fb,0,True,26.13857992561497,1.3378468570299447,True,26.13857992561497,1,VALID
tasfb,SP_s15,SP,tas_fb,0,True,26.26679144092926,1.6103604959789664,True,26.26679144092926,1,VALID
tasfb,SP_s17,SP,tas_fb,0,True,26.38629296890282,1.7712443319614977,True,26.38629296890282,1,VALID
tasfb,SP_s19,SP,tas_fb,0,True,27.199474835391143,1.5827773120254278,True,27.199474835391143,1,VALID
tasfb,MT_s0,MT,tas_fb,0,False,,92.64898807299323,False,,2,NO_SCHEDULE
tasfb,MT_s1,MT,tas_fb,0,False,,93.99351621908136,False,,2,NO_SCHEDULE
tasfb,MT_s2,MT,tas_fb,0,False,,100.0,,,,TOTAL_TIMEOUT
tasfb,MT_s3,MT,tas_fb,0,False,,100.12366324104369,False,,2,NO_SCHEDULE
tasfb,MT_s4,MT,tas_fb,0,False,,76.8749227358494,False,,1,NO_SCHEDULE
tasfb,MT_s5,MT,tas_fb,0,False,,76.73320832313038,False,,1,NO_SCHEDULE
tasfb,MT_s6,MT,tas_fb,0,False,,78.08056628191844,False,,2,NO_SCHEDULE
tasfb,MT_s7,MT,tas_fb,0,False,,100.0,,,,TOTAL_TIMEOUT
tasfb,MT_s8,MT,tas_fb,0,False,,76.67728241020814,False,,1,NO_SCHEDULE
tasfb,MT_s9,MT,tas_fb,0,False,,100.0,,,,TOTAL_TIMEOUT
tasfb,MT_s10,MT,tas_fb,0,False,,91.55503553687595,False,,2,NO_SCHEDULE
tasfb,MT_s11,MT,tas_fb,0,False,,102.10275286994874,False,,2,NO_SCHEDULE
tasfb,MT_s12,MT,tas_fb,0,False,,100.0,,,,TOTAL_TIMEOUT
tasfb,MT_s13,MT,tas_fb,0,False,,76.71959275216796,False,,1,NO_SCHEDULE
tasfb,MT_s14,MT,tas_fb,0,False,,88.36640042299405,False,,2,NO_SCHEDULE
tasfb,MT_s15,MT,tas_fb,0,False,,80.29353800718673,False,,2,NO_SCHEDULE
tasfb,MT_s16,MT,tas_fb,0,False,,98.42712244298309,False,,2,NO_SCHEDULE
tasfb,MT_s17,MT,tas_fb,0,False,,76.71814308897592,False,,1,NO_SCHEDULE
tasfb,MT_s19,MT,tas_fb,0,False,,76.73179665603675,False,,1,NO_SCHEDULE
tasfb,MT_s18,MT,tas_fb,0,False,,101.63320129388012,False,,2,NO_SCHEDULE
tasfb,ST_s1,ST,tas_fb,0,False,,100.05141280195676,False,,4,NO_SCHEDULE
tasfb,ST_s0,ST,tas_fb,0,False,,96.33829490980133,False,,4,NO_SCHEDULE
tasfb,ST_s3,ST,tas_fb,0,False,,76.97765460587107,False,,3,NO_SCHEDULE
tasfb,ST_s2,ST,tas_fb,0,False,,100.17380415811203,False,,4,NO_SCHEDULE
tasfb,ST_s5,ST,tas_fb,0,False,,94.54994578403421,False,,4,NO_SCHEDULE
tasfb,ST_s4,ST,tas_fb,0,False,,98.367000478087,False,,4,NO_SCHEDULE
tasfb,ST_s7,ST,tas_fb,0,False,,97.42983307712711,False,,3,NO_SCHEDULE
tasfb,ST_s6,ST,tas_fb,0,False,,95.73655129992403,False,,6,NO_SCHEDULE
tasfb,ST_s9,ST,tas_fb,0,False,,97.28290597186424,False,,3,NO_SCHEDULE
tasfb,ST_s8,ST,tas_fb,0,False,,81.93408717191778,False,,4,NO_SCHEDULE
tasfb,ST_s10,ST,tas_fb,0,True,73.46588191678741,61.385956316953525,False,,3,VALID
tasfb,ST_s11,ST,tas_fb,0,False,,82.04771789093502,False,,2,NO_SCHEDULE
tasfb,ST_s13,ST,tas_fb,0,False,,94.32412794604897,False,,4,NO_SCHEDULE
tasfb,ST_s12,ST,tas_fb,0,False,,97.1393598949071,False,,3,NO_SCHEDULE
tasfb,ST_s14,ST,tas_fb,0,False,,92.30313315009698,False,,4,NO_SCHEDULE
tasfb,ST_s15,ST,tas_fb,0,False,,96.22230402706191,False,,4,NO_SCHEDULE
tasfb,ST_s17,ST,tas_fb,0,False,,76.42072054394521,False,,3,NO_SCHEDULE
tasfb,ST_s16,ST,tas_fb,0,False,,84.90704572293907,False,,4,NO_SCHEDULE
tasfb,ST_s19,ST,tas_fb,0,False,,77.85648055910133,False,,3,NO_SCHEDULE
tasfb,ST_s18,ST,tas_fb,0,False,,92.7549033460673,False,,4,NO_SCHEDULE
tasfb,R8J32_s1,R8J32,tas_fb,0,False,,100.12623946089298,False,,3,NO_SCHEDULE
tasfb,R8J32_s0,R8J32,tas_fb,0,False,,99.41011210391298,False,,3,NO_SCHEDULE
tasfb,R8J32_s3,R8J32,tas_fb,0,False,,63.66244762996212,False,,2,NO_SCHEDULE
tasfb,R8J32_s2,R8J32,tas_fb,0,False,,95.26214336394332,False,,2,NO_SCHEDULE
tasfb,R8J32_s5,R8J32,tas_fb,0,False,,65.75910906097852,False,,2,NO_SCHEDULE
tasfb,R8J32_s4,R8J32,tas_fb,0,True,160.43758158106678,96.7422940491233,False,,2,VALID
tasfb,R8J32_s7,R8J32,tas_fb,0,False,,100.1944825828541,False,,3,NO_SCHEDULE
tasfb,R8J32_s9,R8J32,tas_fb,0,False,,60.5796964711044,False,,2,NO_SCHEDULE
tasfb,R8J32_s6,R8J32,tas_fb,0,False,,101.6302992310375,False,,2,BUDGET_EXHAUSTED
tasfb,R8J32_s8,R8J32,tas_fb,0,False,,16.149137255968526,False,,1,SCHEDULE_INVALID
tasfb,R8J32_s11,R8J32,tas_fb,0,False,,98.64965137816034,False,,2,NO_SCHEDULE
tasfb,R8J32_s10,R8J32,tas_fb,0,False,,87.86947173718363,False,,2,NO_SCHEDULE
tasfb,R8J32_s13,R8J32,tas_fb,0,False,,61.31375446799211,False,,2,NO_SCHEDULE
tasfb,R8J32_s12,R8J32,tas_fb,0,False,,96.77541911182925,False,,3,NO_SCHEDULE
tasfb,R8J32_s15,R8J32,tas_fb,0,False,,100.14846571697854,False,,3,NO_SCHEDULE
tasfb,R8J32_s17,R8J32,tas_fb,0,True,237.9259116077492,25.63133729598485,True,237.9259116077492,1,VALID
tasfb,R8J32_s14,R8J32,tas_fb,0,False,,80.73131477297284,False,,2,NO_SCHEDULE
tasfb,R8J32_s19,R8J32,tas_fb,0,False,,100.09543255600147,False,,3,NO_SCHEDULE
tasfb,R8J32_s16,R8J32,tas_fb,0,False,,100.58454311988316,False,,2,BUDGET_EXHAUSTED
tasfb,R8J32_s18,R8J32,tas_fb,0,False,,88.19909351412207,False,,2,NO_SCHEDULE
tasfb,R2J8_s0,R2J8,tas_fb,0,True,70.71249048169611,1.1031516448128968,True,70.71249048169611,1,VALID
tasfb,R2J8_s1,R2J8,tas_fb,0,True,94.4779181315191,1.1999483229592443,True,94.4779181315191,1,VALID
tasfb,R2J8_s2,R2J8,tas_fb,0,True,68.82475316220474,0.989055500831455,True,68.82475316220474,1,VALID
tasfb,R2J8_s3,R2J8,tas_fb,0,True,78.4211475024847,1.1315609719604254,True,78.4211475024847,1,VALID
tasfb,R2J8_s4,R2J8,tas_fb,0,True,80.43570447760555,1.0350549139548093,True,80.43570447760555,1,VALID
tasfb,R2J8_s5,R2J8,tas_fb,0,True,66.5968483844097,1.0648922200780362,True,66.5968483844097,1,VALID
tasfb,R2J8_s6,R2J8,tas_fb,0,True,90.33799186659162,1.0595181330572814,True,90.33799186659162,1,VALID
tasfb,R2J8_s7,R2J8,tas_fb,0,True,90.01413773256094,1.0543394919950515,True,90.01413773256094,1,VALID
tasfb,R2J8_s8,R2J8,tas_fb,0,True,91.78911979503049,1.058657935122028,True,91.78911979503049,1,VALID
tasfb,R2J8_s9,R2J8,tas_fb,0,True,95.33762249764732,1.1107222638092935,True,95.33762249764732,1,VALID
tasfb,R2J8_s10,R2J8,tas_fb,0,True,74.4445093658421,1.0064040501601994,True,74.4445093658421,1,VALID
tasfb,R2J8_s12,R2J8,tas_fb,0,True,78.5759966249133,1.2495661210268736,True,78.5759966249133,1,VALID
tasfb,R2J8_s14,R2J8,tas_fb,0,True,79.78722205556869,1.081048228079453,True,79.78722205556869,1,VALID
tasfb,R2J8_s16,R2J8,tas_fb,0,True,72.10395904096345,1.0048537200782448,True,72.10395904096345,1,VALID
tasfb,R2J8_s18,R2J8,tas_fb,0,True,77.27943798497175,1.020618095062673,True,77.27943798497175,1,VALID
tasfb,R4J16_s0,R4J16,tas_fb,0,True,84.00968341072907,5.119889264926314,True,84.00968341072907,1,VALID
tasfb,R2J8_s11,R2J8,tas_fb,0,True,105.50066604696993,11.723141945898533,False,,21,VALID
tasfb,R2J8_s13,R2J8,tas_fb,0,True,63.803298107802235,1.0428736910689622,True,63.803298107802235,1,VALID
tasfb,R2J8_s15,R2J8,tas_fb,0,True,54.470397754322605,1.0699838921427727,True,54.470397754322605,1,VALID
tasfb,R2J8_s17,R2J8,tas_fb,0,True,87.09705278051098,1.1011307388544083,True,87.09705278051098,1,VALID
tasfb,R4J16_s2,R4J16,tas_fb,0,True,65.21119667942882,4.487048817100003,True,65.21119667942882,1,VALID
tasfb,R2J8_s19,R2J8,tas_fb,0,True,85.35082132710505,1.2404480199329555,False,,2,VALID
tasfb,R4J16_s4,R4J16,tas_fb,0,True,64.9416380711246,5.352473875973374,False,,2,VALID
tasfb,R4J16_s1,R4J16,tas_fb,0,True,69.81713009210043,4.644019557163119,True,69.81713009210043,1,VALID
tasfb,R4J16_s6,R4J16,tas_fb,0,True,79.08016801899802,5.051739478018135,True,79.08016801899802,1,VALID
tasfb,R4J16_s8,R4J16,tas_fb,0,True,80.54462491059564,3.9137056700419635,True,80.54462491059564,1,VALID
tasfb,R4J16_s10,R4J16,tas_fb,0,True,74.29499197219258,4.5808849558234215,True,74.29499197219258,1,VALID
tasfb,R4J16_s12,R4J16,tas_fb,0,True,75.29854949747448,4.518758651800454,True,75.29854949747448,1,VALID
tasfb,R4J16_s3,R4J16,tas_fb,0,True,72.77368559316879,18.590266531100497,False,,3,VALID
tasfb,R4J16_s14,R4J16,tas_fb,0,True,74.11624371245875,3.143711883109063,True,74.11624371245875,1,VALID
tasfb,R4J16_s5,R4J16,tas_fb,0,True,80.6666497277492,5.792768472805619,True,80.6666497277492,1,VALID
tasfb,R4J16_s16,R4J16,tas_fb,0,True,83.74759815416223,6.365595671115443,True,83.74759815416223,1,VALID
tasfb,R4J16_s7,R4J16,tas_fb,0,True,69.7815161200829,4.370437018107623,True,69.7815161200829,1,VALID
tasfb,R4J16_s18,R4J16,tas_fb,0,True,64.8477412360858,5.495354678016156,True,64.8477412360858,1,VALID
tasfb,R4J16_s9,R4J16,tas_fb,0,True,66.55613925092959,9.456476015038788,False,,2,VALID
tasfb,R6J24_s0,R6J24,tas_fb,0,True,288.40204927101695,13.403612162917852,True,288.40204927101695,1,VALID
tasfb,R4J16_s11,R4J16,tas_fb,0,True,72.47984757960398,9.604638290125877,False,,2,VALID
tasfb,R4J16_s13,R4J16,tas_fb,0,True,68.0523092550538,2.6034447881393135,True,68.0523092550538,1,VALID
tasfb,R4J16_s15,R4J16,tas_fb,0,True,79.38784636019481,6.7596434969455,True,79.38784636019481,1,VALID
tasfb,R4J16_s17,R4J16,tas_fb,0,True,86.5039660372511,11.296107717091218,False,,2,VALID
tasfb,R4J16_s19,R4J16,tas_fb,0,True,66.23287983173314,3.439856566954404,True,66.23287983173314,1,VALID
tasfb,R6J24_s1,R6J24,tas_fb,0,True,107.66289175678354,59.769059871090576,False,,2,VALID
tasfb,R6J24_s3,R6J24,tas_fb,0,True,191.56286995623532,9.14518760703504,True,191.56286995623532,1,VALID
tasfb,R6J24_s2,R6J24,tas_fb,0,False,,96.5220316129271,False,,4,NO_SCHEDULE
tasfb,R6J24_s4,R6J24,tas_fb,0,True,149.84000433706424,63.24865826102905,False,,3,VALID
tasfb,R6J24_s5,R6J24,tas_fb,0,False,,100.07383025321178,False,,5,NO_SCHEDULE
tasfb,R6J24_s6,R6J24,tas_fb,0,True,108.47909865183928,43.0944176199846,False,,2,VALID
tasfb,R6J24_s7,R6J24,tas_fb,0,False,,98.13098133495077,False,,5,NO_SCHEDULE
tasfb,R6J24_s8,R6J24,tas_fb,0,False,,104.17176891700365,False,,4,BUDGET_EXHAUSTED
tasfb,R6J24_s9,R6J24,tas_fb,0,False,,89.50219580787234,False,,4,NO_SCHEDULE
tasfb,R6J24_s10,R6J24,tas_fb,0,False,,98.03453924902715,False,,5,NO_SCHEDULE
tasfb,R6J24_s11,R6J24,tas_fb,0,True,612.0665904554126,32.15733395097777,False,,2,VALID
tasfb,R6J24_s13,R6J24,tas_fb,0,True,133.5507763826328,39.803565088892356,False,,2,VALID
tasfb,R6J24_s12,R6J24,tas_fb,0,False,,76.8652242438402,False,,1,NO_SCHEDULE
tasfb,R6J24_s15,R6J24,tas_fb,0,True,76.70613231906364,36.92350518400781,True,76.70613231906364,1,VALID
tasfb,R6J24_s17,R6J24,tas_fb,0,True,161.39495927200812,9.560504185035825,True,161.39495927200812,1,VALID
tasfb,R6J24_s14,R6J24,tas_fb,0,True,396.82586499214125,32.7653136018198,False,,2,VALID
tasfb,R6J24_s16,R6J24,tas_fb,0,True,118.1748198449522,75.17602567188442,False,,4,VALID
tasfb,R6J24_s19,R6J24,tas_fb,0,False,,93.9146530739963,False,,4,NO_SCHEDULE
tasfb,R6J24_s18,R6J24,tas_fb,0,True,239.80654790490405,35.24113082583062,False,,3,VALID
tasfb,den312d_s101,den312d,tas_fb,0,False,,91.38770201802254,False,,2,NO_SCHEDULE
tasfb,den312d_s100,den312d,tas_fb,0,False,,84.81297180987895,False,,2,NO_SCHEDULE
tasfb,den312d_s102,den312d,tas_fb,0,False,,67.89693410997279,False,,2,NO_SCHEDULE
tasfb,den312d_s103,den312d,tas_fb,0,False,,94.27585850306787,False,,2,NO_SCHEDULE
tasfb,den312d_s104,den312d,tas_fb,0,False,,62.739699229132384,False,,2,NO_SCHEDULE
tasfb,den312d_s105,den312d,tas_fb,0,False,,61.29574697604403,False,,2,NO_SCHEDULE
tasfb,den312d_s107,den312d,tas_fb,0,False,,69.91028538392857,False,,2,NO_SCHEDULE
tasfb,den312d_s106,den312d,tas_fb,0,False,,100.14204465015791,False,,2,BUDGET_EXHAUSTED
tasfb,den312d_s109,den312d,tas_fb,0,False,,71.74422624288127,False,,2,NO_SCHEDULE
tasfb,den312d_s108,den312d,tas_fb,0,False,,81.94176025106572,False,,2,NO_SCHEDULE
tasfb,warehouse_s101,warehouse,tas_fb,0,False,,72.63702139188536,False,,2,NO_SCHEDULE
tasfb,warehouse_s103,warehouse,tas_fb,0,False,,24.67870183289051,False,,1,SCHEDULE_INVALID
tasfb,warehouse_s100,warehouse,tas_fb,0,True,510.765559073836,62.24350891192444,True,510.765559073836,1,VALID
tasfb,warehouse_s102,warehouse,tas_fb,0,False,,92.77588580898009,False,,2,NO_SCHEDULE
tasfb,warehouse_s105,warehouse,tas_fb,0,False,,100.10626554698683,False,,2,BUDGET_EXHAUSTED
tasfb,warehouse_s104,warehouse,tas_fb,0,False,,86.68323205597699,False,,2,NO_SCHEDULE
tasfb,warehouse_s107,warehouse,tas_fb,0,False,,94.48424165812321,False,,2,NO_SCHEDULE
tasfb,warehouse_s109,warehouse,tas_fb,0,False,,89.44903952605091,False,,2,NO_SCHEDULE
tasfb,warehouse_s106,warehouse,tas_fb,0,False,,100.0,,,,TOTAL_TIMEOUT
tasfb,warehouse_s108,warehouse,tas_fb,0,False,,100.0,,,,TOTAL_TIMEOUT
